"案件ID","店舗名","市町","所在地","届出区分","届出日","新設日・変更日","店舗面積（㎡）","届出者（公告の設置者）","主要小売業者","駐車場（台）","駐輪場（台）","営業時間","駐車場利用時間","公告日","意見提出期限","変更前店舗面積（㎡）","変更前駐車場（台）","変更前駐輪場（台）","変更前営業時間","変更前駐車場利用時間","注記","公告PDFのURL"
"shiga-retail-5616138","ドラッグコスモス長浜平方店","長浜市","長浜市平方町字切田244番ほか","新設（法第5条第1項）","2026-04-15","2026-12-16","1364","株式会社コスモス薬品","株式会社コスモス薬品","46","14","09:00～21:45","08:30～22:00","2026-05-08","2026-09-08","","","","","","公告第2項の設置者を届出者欄に記載。新設日は公告に記載された予定日で、実際の開店確認日ではない。","https://www.pref.shiga.lg.jp/file/attachment/5616138.pdf"
"shiga-retail-5602015","ドラッグコスモス堅田駅前店","大津市","大津市今堅田二丁目11番5ほか","新設（法第5条第1項）","2026-03-05","2026-11-06","1426.7","株式会社コスモス薬品","株式会社コスモス薬品","40","14","09:00～21:45","08:30～22:00","2026-03-27","2026-07-27","","","","","","公告第2項の設置者を届出者欄に記載。新設日は公告に記載された予定日で、実際の開店確認日ではない。","https://www.pref.shiga.lg.jp/file/attachment/5602015.pdf"
"shiga-retail-5590979","クロスモール近江八幡","近江八幡市","近江八幡市土田町1357番ほか","新設（法第5条第1項）","2026-01-21","2026-09-22","9982","オリックス不動産株式会社ほか3者","コーナン商事株式会社ほか5者","459","39","06:30～21:45","06:00～22:00","2026-02-03","2026-06-03","","","","","","公告第2項の設置者を届出者欄に記載。「ほか3者」「ほか5者」の個別名称は公告に記載なし。新設日は予定日で、実際の開店確認日ではない。","https://www.pref.shiga.lg.jp/file/attachment/5590979.pdf"
"shiga-retail-5590973","スーパーセンタートライアル愛知川店","愛荘町","愛知郡愛荘町長野字円城寺198番ほか","新設（法第5条第1項）","2026-01-09","2026-09-10","4109","株式会社トライアルカンパニー","株式会社トライアルカンパニー","203","30","24時間","24時間","2026-01-23","2026-05-25","","","","","","公告第2項の設置者を届出者欄に記載。新設日は公告に記載された予定日で、実際の開店確認日ではない。","https://www.pref.shiga.lg.jp/file/attachment/5590973.pdf"
"shiga-retail-5602024","ドラッグコスモス彦根駅東店","彦根市","彦根市駅東町3番3ほか","変更（法第6条第2項）","2026-03-06","2026-11-07","公告に記載なし","株式会社コスモス薬品","公告に記載なし","61","公告に記載なし","公告に記載なし","公告に記載なし","2026-03-27","2026-07-27","公告に記載なし","83","公告に記載なし","公告に記載なし","公告に記載なし","公告第2項の設置者を届出者欄に記載。クリニック施設設置に伴い駐車場の位置・台数を変更。位置は届出書添付図面参照。設置者から小売業者を推定していない。","https://www.pref.shiga.lg.jp/file/attachment/5602024.pdf"
"shiga-retail-5590963","マツヤスーパー大津美崎店","大津市","大津市美崎町字萱海道381番1ほか","変更（法第6条第2項）","2026-01-21","2026-02-27","公告に記載なし","株式会社マツヤスーパー／株式会社サンドラッグ","公告に記載なし","公告に記載なし","公告に記載なし","08:00～翌00:00","07:45～翌00:30","2026-02-03","2026-06-03","公告に記載なし","公告に記載なし","公告に記載なし","09:00～翌00:00","08:30～翌00:30","公告第2項の設置者2者を届出者欄に記載。公告は営業時間・駐車場利用時間の変更。公式一覧の括弧書きと異なり、当該公告には駐車場台数の変更記載なし。小売業者名は独立した記載なし。","https://www.pref.shiga.lg.jp/file/attachment/5590963.pdf"
"shiga-retail-5584377","ベルロード複合商業施設","彦根市","彦根市長曽根南町481-2番地ほか","変更（法第6条第2項）","2025-12-17","2025-03-01（面積・駐輪場等）／2020-04-27（営業時間・駐車場利用時間）","6525.00","株式会社パリヤ／TKGマネジメント有限会社","株式会社パリヤ／TKGマネジメント有限会社","公告に記載なし","379","株式会社パリヤ 09:00～21:45／TKGマネジメント有限会社 10:00～21:45","08:30～22:15","2026-01-13","2026-05-13","7178.25","公告に記載なし","407","パリヤサンペデック 10:00～21:45／高木造園 10:00～21:45／株式会社ツルハ 10:00～翌00:00","パリヤサンペデック・高木造園 09:30～22:15／ツルハドラッグ彦根店 09:30～翌00:15","公告第2項の設置者を届出者欄に記載。変更後の小売業者は第3項(2)カの記載による。面積・駐輪場・荷さばき・廃棄物等施設は2025-03-01、営業時間・駐車場利用時間は2020-04-27。過去日付も原文どおり。ツルハ退店に伴う建物棟解体等。","https://www.pref.shiga.lg.jp/file/attachment/5584377.pdf"
"shiga-retail-5616143","（仮称）カネスエ近江八幡店","近江八幡市","近江八幡市馬淵町1665","変更（法附則第5条第1項）","2026-05-18","2027-01-16（駐輪場・廃棄物保管施設）／2026-06-18（営業時間・駐車場利用時間等）","1555","公告に記載なし","株式会社カネスエ商事","64","40","07:00～21:45","06:30～22:00","2026-06-05","2026-10-05","1555（変更対象外）","64（変更対象外）","10","09:00～18:30","08:30～19:00","届出者・設置者は公告に明示なし。株式会社カネスエ商事は第4項の小売業者。駐輪場・廃棄物保管施設は2027-01-16、営業時間・駐車場利用時間・出入口・荷さばき時間は2026-06-18。駐輪場等の位置は添付図面参照。変更後の計画値を記載しており、実施済みの確認値ではない。","https://www.pref.shiga.lg.jp/file/attachment/5616143.pdf"
"shiga-retail-5616142","スポーツデポ栗東店","栗東市","栗東市霊仙寺111ほか2筆","変更（法附則第5条第1項）","2026-04-17","2026-04-24","2579","公告に記載なし","株式会社アルペン","93","10","09:00～21:00","08:30～21:30","2026-05-08","2026-09-08","2579（変更対象外）","93（変更対象外）","10（変更対象外）","09:00～20:30（年間90日は21:00まで）","08:30～21:00（年間90日は21:30まで）","届出者・設置者は公告に明示なし。株式会社アルペンは第4項の小売業者。面積・駐車場・駐輪場は変更対象外の事項として記載。","https://www.pref.shiga.lg.jp/file/attachment/5616142.pdf"
